row_id,name,email,type,doc_link,link
test_0000,Test Person 0,test0@example.com,Test-Type-0,https://example.com/doc_0,https://example.com/doc_0
test_0001,Test Person 1,test1@example.com,Test-Type-1,,
test_0002,Test Person 2,test2@example.com,Test-Type-2,,
test_0003,Test Person 3,test3@example.com,Test-Type-3,https://example.com/doc_3,https://example.com/doc_3
test_0004,Test Person 4,test4@example.com,Test-Type-4,,
test_0005,Test Person 5,test5@example.com,Test-Type-0,,
test_0006,Test Person 6,test6@example.com,Test-Type-1,https://example.com/doc_6,https://example.com/doc_6
test_0007,Test Person 7,test7@example.com,Test-Type-2,,
test_0008,Test Person 8,test8@example.com,Test-Type-3,,
test_0009,Test Person 9,test9@example.com,Test-Type-4,https://example.com/doc_9,https://example.com/doc_9
test_0010,Test Person 10,test10@example.com,Test-Type-0,,
test_0011,Test Person 11,test11@example.com,Test-Type-1,,
test_0012,Test Person 12,test12@example.com,Test-Type-2,https://example.com/doc_12,https://example.com/doc_12
test_0013,Test Person 13,test13@example.com,Test-Type-3,,
test_0014,Test Person 14,test14@example.com,Test-Type-4,,
test_0015,Test Person 15,test15@example.com,Test-Type-0,https://example.com/doc_15,https://example.com/doc_15
test_0016,Test Person 16,test16@example.com,Test-Type-1,,
test_0017,Test Person 17,test17@example.com,Test-Type-2,,
test_0018,Test Person 18,test18@example.com,Test-Type-3,https://example.com/doc_18,https://example.com/doc_18
test_0019,Test Person 19,test19@example.com,Test-Type-4,,
test_0020,Test Person 20,test20@example.com,Test-Type-0,,
test_0021,Test Person 21,test21@example.com,Test-Type-1,https://example.com/doc_21,https://example.com/doc_21
test_0022,Test Person 22,test22@example.com,Test-Type-2,,
test_0023,Test Person 23,test23@example.com,Test-Type-3,,
test_0024,Test Person 24,test24@example.com,Test-Type-4,https://example.com/doc_24,https://example.com/doc_24
test_0025,Test Person 25,test25@example.com,Test-Type-0,,
test_0026,Test Person 26,test26@example.com,Test-Type-1,,
test_0027,Test Person 27,test27@example.com,Test-Type-2,https://example.com/doc_27,https://example.com/doc_27
test_0028,Test Person 28,test28@example.com,Test-Type-3,,
test_0029,Test Person 29,test29@example.com,Test-Type-4,,
test_0030,Test Person 30,test30@example.com,Test-Type-0,https://example.com/doc_30,https://example.com/doc_30
test_0031,Test Person 31,test31@example.com,Test-Type-1,,
test_0032,Test Person 32,test32@example.com,Test-Type-2,,
test_0033,Test Person 33,test33@example.com,Test-Type-3,https://example.com/doc_33,https://example.com/doc_33
test_0034,Test Person 34,test34@example.com,Test-Type-4,,
test_0035,Test Person 35,test35@example.com,Test-Type-0,,
test_0036,Test Person 36,test36@example.com,Test-Type-1,https://example.com/doc_36,https://example.com/doc_36
test_0037,Test Person 37,test37@example.com,Test-Type-2,,
test_0038,Test Person 38,test38@example.com,Test-Type-3,,
test_0039,Test Person 39,test39@example.com,Test-Type-4,https://example.com/doc_39,https://example.com/doc_39
test_0040,Test Person 40,test40@example.com,Test-Type-0,,
test_0041,Test Person 41,test41@example.com,Test-Type-1,,
test_0042,Test Person 42,test42@example.com,Test-Type-2,https://example.com/doc_42,https://example.com/doc_42
test_0043,Test Person 43,test43@example.com,Test-Type-3,,
test_0044,Test Person 44,test44@example.com,Test-Type-4,,
test_0045,Test Person 45,test45@example.com,Test-Type-0,https://example.com/doc_45,https://example.com/doc_45
test_0046,Test Person 46,test46@example.com,Test-Type-1,,
test_0047,Test Person 47,test47@example.com,Test-Type-2,,
test_0048,Test Person 48,test48@example.com,Test-Type-3,https://example.com/doc_48,https://example.com/doc_48
test_0049,Test Person 49,test49@example.com,Test-Type-4,,
test_0050,Test Person 50,test50@example.com,Test-Type-0,,
test_0051,Test Person 51,test51@example.com,Test-Type-1,https://example.com/doc_51,https://example.com/doc_51
test_0052,Test Person 52,test52@example.com,Test-Type-2,,
test_0053,Test Person 53,test53@example.com,Test-Type-3,,
test_0054,Test Person 54,test54@example.com,Test-Type-4,https://example.com/doc_54,https://example.com/doc_54
test_0055,Test Person 55,test55@example.com,Test-Type-0,,
test_0056,Test Person 56,test56@example.com,Test-Type-1,,
test_0057,Test Person 57,test57@example.com,Test-Type-2,https://example.com/doc_57,https://example.com/doc_57
test_0058,Test Person 58,test58@example.com,Test-Type-3,,
test_0059,Test Person 59,test59@example.com,Test-Type-4,,
test_0060,Test Person 60,test60@example.com,Test-Type-0,https://example.com/doc_60,https://example.com/doc_60
test_0061,Test Person 61,test61@example.com,Test-Type-1,,
test_0062,Test Person 62,test62@example.com,Test-Type-2,,
test_0063,Test Person 63,test63@example.com,Test-Type-3,https://example.com/doc_63,https://example.com/doc_63
test_0064,Test Person 64,test64@example.com,Test-Type-4,,
test_0065,Test Person 65,test65@example.com,Test-Type-0,,
test_0066,Test Person 66,test66@example.com,Test-Type-1,https://example.com/doc_66,https://example.com/doc_66
test_0067,Test Person 67,test67@example.com,Test-Type-2,,
test_0068,Test Person 68,test68@example.com,Test-Type-3,,
test_0069,Test Person 69,test69@example.com,Test-Type-4,https://example.com/doc_69,https://example.com/doc_69
test_0070,Test Person 70,test70@example.com,Test-Type-0,,
test_0071,Test Person 71,test71@example.com,Test-Type-1,,
test_0072,Test Person 72,test72@example.com,Test-Type-2,https://example.com/doc_72,https://example.com/doc_72
test_0073,Test Person 73,test73@example.com,Test-Type-3,,
test_0074,Test Person 74,test74@example.com,Test-Type-4,,
test_0075,Test Person 75,test75@example.com,Test-Type-0,https://example.com/doc_75,https://example.com/doc_75
test_0076,Test Person 76,test76@example.com,Test-Type-1,,
test_0077,Test Person 77,test77@example.com,Test-Type-2,,
test_0078,Test Person 78,test78@example.com,Test-Type-3,https://example.com/doc_78,https://example.com/doc_78
test_0079,Test Person 79,test79@example.com,Test-Type-4,,
test_0080,Test Person 80,test80@example.com,Test-Type-0,,
test_0081,Test Person 81,test81@example.com,Test-Type-1,https://example.com/doc_81,https://example.com/doc_81
test_0082,Test Person 82,test82@example.com,Test-Type-2,,
test_0083,Test Person 83,test83@example.com,Test-Type-3,,
test_0084,Test Person 84,test84@example.com,Test-Type-4,https://example.com/doc_84,https://example.com/doc_84
test_0085,Test Person 85,test85@example.com,Test-Type-0,,
test_0086,Test Person 86,test86@example.com,Test-Type-1,,
test_0087,Test Person 87,test87@example.com,Test-Type-2,https://example.com/doc_87,https://example.com/doc_87
test_0088,Test Person 88,test88@example.com,Test-Type-3,,
test_0089,Test Person 89,test89@example.com,Test-Type-4,,
test_0090,Test Person 90,test90@example.com,Test-Type-0,https://example.com/doc_90,https://example.com/doc_90
test_0091,Test Person 91,test91@example.com,Test-Type-1,,
test_0092,Test Person 92,test92@example.com,Test-Type-2,,
test_0093,Test Person 93,test93@example.com,Test-Type-3,https://example.com/doc_93,https://example.com/doc_93
test_0094,Test Person 94,test94@example.com,Test-Type-4,,
test_0095,Test Person 95,test95@example.com,Test-Type-0,,
test_0096,Test Person 96,test96@example.com,Test-Type-1,https://example.com/doc_96,https://example.com/doc_96
test_0097,Test Person 97,test97@example.com,Test-Type-2,,
test_0098,Test Person 98,test98@example.com,Test-Type-3,,
test_0099,Test Person 99,test99@example.com,Test-Type-4,https://example.com/doc_99,https://example.com/doc_99
